Word,Count
enter,151
sampson,23
gregory,18
with,408
swords,6
bucklers,1
house,28
capulet,128
on,142
my,545
word,33
well,111
not,424
carry,4
coals,1
no,168
for,331
then,119
we,152
should,91
be,340
colliers,1
mean,12
an,112
in,522
choler,2
draw,15
ay,52
while,12
you,500
live,27
your,224
neck,2
out,81
collar,1
strike,10
quickly,9
being,36
moved,7
but,303
thou,370
art,74
dog,6
montague,40
moves,6
me,375
move,13
is,539
stir,8
valiant,6
stand,36
therefore,26
if,126
runnst,1
away,37
that,574
shall,176
will,219
take,57
wall,8
any,22
man,103
maid,11
montagues,7
shows,8
thee,200
weak,6
slave,6
weakest,1
goes,12
tis,78
true,35
women,9
weaker,1
vessels,2
are,140
ever,18
thrust,3
push,3
men,37
from,143
his,291
maids,7
quarrel,13
between,5
our,177
masters,5
us,85
their,106
all,203
one,89
show,29
myself,26
tyrant,11
when,92
have,247
fought,6
civil,3
cut,7
off,21
heads,7
maidenheads,1
it,377
what,257
sense,5
wilt,32
they,174
must,75
feel,11
am,90
able,2
known,14
pretty,8
piece,3
flesh,8
fish,2
hadst,8
been,42
poorjohn,1
thy,220
tool,1
here,116
comes,40
abram,6
another,18
servingman,29
naked,3
weapon,2
back,34
how,91
turn,15
run,15
fear,50
marry,24
let,77
law,11
sides,4
them,92
begin,8
frown,2
as,246
pass,3
by,165
list,4
nay,22
dare,18
bite,8
thumb,8
at,118
which,141
disgrace,3
bear,23
he,286
bites,1
do,172
sir,86
aside,33
side,7
say,91
serve,8
good,134
better,20
benvolio,80
kinsmen,6
yes,4
lie,30
mengregory,1
remember,10
washing,2
blow,5
fight,18
part,27
fools,6
drawing,3
sword,22
put,33
up,83
know,69
tybalt,70
drawn,4
among,7
these,64
heartless,1
hinds,1
look,53
upon,108
death,88
keep,28
peace,29
manage,2
talk,14
hate,14
hell,15
coward,3
three,27
four,3
citizens,5
clubs,2
partisans,3
bills,1
beat,7
down,33
capulets,8
old,44
gown,1
wife,35
noise,10
this,323
give,70
long,19
ho,14
lady,196
crutch,2
why,69
call,33
come,143
flourishes,1
blade,4
spite,6
villain,21
capulethold,1
go,99
shalt,17
foot,11
seek,7
foe,6
prince,35
escalus,1
train,1
rebellious,3
subjects,1
enemies,1
profaners,1
neighborstained,1
steel,6
hearwhat,1
beasts,1
quench,2
fire,12
pernicious,3
rage,4
purple,1
fountains,1
issuing,1
veins,4
pain,4
torture,5
those,39
bloody,23
hands,24
throw,8
mistempered,1
weapons,3
ground,11
hear,39
sentence,2
brawls,2
bred,1
airy,3
thrice,6
disturbed,1
quiet,3
streets,4
made,34
veronas,2
ancient,8
cast,6
gravebeseeming,1
ornaments,2
wield,1
cankered,2
disturb,2
again,46
lives,25
pay,8
forfeit,2
time,76
rest,23
depart,5
along,4
afternoon,4
farther,4
pleasure,10
case,9
freetown,1
common,4
judgmentplace,1
once,20
more,117
exit,63
who,72
set,17
new,24
abroach,1
speak,58
nephew,1
were,77
began,5
servants,7
adversary,1
yours,6
close,10
fighting,3
ere,32
did,81
approach,7
drew,2
instant,3
came,19
fiery,2
prepared,2
breathed,2
defiance,1
ears,11
swung,1
about,24
head,24
winds,3
nothing,30
hurt,7
withal,10
hissed,1
him,192
scorn,9
interchanging,1
thrusts,2
blows,4
till,42
parted,2
either,11
o,187
where,82
romeo,304
saw,15
today,4
right,8
glad,2
was,97
fray,4
madam,25
hour,27
before,41
worshiped,1
sun,18
peered,1
forth,20
golden,8
window,3
east,5
troubled,3
mind,17
drove,1
walk,9
abroad,5
underneath,2
grove,2
sycamore,1
westward,1
rooteth,1
city,4
so,241
early,16
walking,3
see,67
son,46
towards,7
ware,2
stole,2
into,21
covert,1
wood,12
measuring,1
affections,3
own,34
most,40
sought,5
might,13
found,10
too,80
many,23
weary,4
self,4
pursued,2
humor,3
pursuing,1
gladly,3
shunned,1
fled,9
morning,10
hath,116
there,101
seen,12
tears,22
augmenting,1
fresh,3
mornings,3
dew,5
adding,1
clouds,8
deep,12
sighs,6
soon,16
allcheering,1
farthest,2
shady,1
curtains,3
auroras,1
bed,36
light,37
steals,2
home,11
heavy,14
private,2
chamber,13
pens,1
himself,18
shuts,2
windows,2
locks,4
fair,48
daylight,4
makes,19
artificial,2
night,89
black,18
portentous,1
prove,7
unless,7
counsel,8
may,79
cause,10
remove,6
noble,21
uncle,6
neither,5
nor,43
can,63
learn,4
importuned,1
means,13
both,39
other,32
friends,15
counselor,2
himselfi,1
secret,5
far,10
sounding,2
discovery,2
bud,2
bit,1
envious,6
worm,3
spread,2
sweet,37
leaves,4
air,20
dedicate,2
beauty,11
same,16
could,30
whence,8
sorrows,3
grow,5
would,102
willingly,1
cure,5
please,10
step,3
ill,122
grievance,1
much,50
denied,1
wert,3
happy,15
stay,31
shriftcome,1
lets,13
morrow,9
cousin,24
day,63
young,36
struck,4
nine,9
sad,6
hours,8
seem,8
father,36
went,5
hence,37
fast,5
sadness,4
lengthens,1
romeos,17
having,11
short,8
love,153
her,203
favor,4
alas,12
gentle,17
view,3
tyrannous,1
rough,6
proof,4
whose,28
muffled,1
still,33
without,27
eyes,39
pathways,1
dineo,1
yet,104
tell,53
heard,10
heres,18
brawling,1
loving,7
anything,4
first,79
create,2
lightness,1
serious,2
vanity,2
misshapen,2
chaos,1
wellseeming,1
forms,1
feather,1
lead,8
bright,7
smoke,3
cold,12
sick,9
health,6
stillwaking,1
sleep,37
dost,19
laugh,7
coz,5
rather,12
weep,11
heart,48
hearts,14
oppression,3
such,70
loves,19
transgression,1
griefs,5
mine,56
breast,8
propagate,1
pressed,1
thine,22
hast,34
shown,2
doth,53
add,3
grief,16
fume,2
purged,3
sparkling,1
lovers,6
vexed,3
sea,9
nourished,1
else,24
madness,2
discreet,1
choking,1
gall,4
preserving,1
farewell,23
soft,5
leave,26
wrong,2
tut,4
lost,9
hes,18
some,73
groan,2
sadly,1
urged,3
woman,13
aimed,1
near,13
supposed,3
loved,5
markman,1
shes,13
mark,9
soonest,1
hit,8
miss,4
shell,4
cupids,2
arrow,1
she,145
dians,1
wit,15
strong,8
chastity,1
armed,6
childish,1
bow,3
uncharmed,1
siege,3
terms,2
bide,1
th,69
encounter,4
assailing,1
ope,3
lap,2
saintseducing,1
gold,5
rich,11
only,21
poor,33
dies,7
store,2
sworn,4
chaste,1
sparing,1
huge,1
waste,3
starved,1
severity,1
cuts,1
posterity,2
wise,7
wisely,6
merit,2
bliss,2
making,5
despair,4
forsworn,5
vow,4
dead,63
now,131
ruled,3
forget,10
think,34
teach,5
giving,8
liberty,3
unto,12
examine,2
beauties,3
way,27
hers,4
exquisite,1
question,6
masks,1
kiss,13
ladies,5
brows,5
puts,3
hide,13
strucken,1
blind,5
cannot,41
precious,5
treasure,2
eyesight,2
mistress,13
passing,2
note,8
read,9
passed,2
canst,10
doctrine,1
die,28
debt,3
county,19
paris,58
bound,9
penalty,1
alike,3
hard,6
honorable,5
reckoning,1
pity,4
lived,5
odds,2
lord,69
suit,2
saying,2
oer,14
said,20
child,21
stranger,1
world,21
change,4
fourteen,6
years,11
two,29
summers,3
wither,1
pride,3
ripe,2
bride,6
younger,3
than,76
mothers,3
marred,1
earth,27
swallowed,1
hopes,4
hopeful,1
woo,4
get,22
consent,6
agreed,1
within,34
scope,1
choice,2
lies,27
according,3
voice,7
hold,27
accustomed,2
feast,11
whereto,2
invited,1
guest,5
welcome,19
number,2
behold,10
earthtreading,1
stars,9
make,77
dark,12
heaven,43
comfort,15
lusty,2
wellappareled,1
april,1
heel,2
limping,1
winter,1
treads,1
even,22
delight,5
fennel,1
buds,1
inherit,1
like,78
though,28
reckning,1
none,28
sirrah,8
trudge,2
through,14
verona,8
find,35
persons,2
names,7
written,6
shoemaker,1
meddle,1
yard,1
tailor,4
last,17
fisher,1
pencil,1
painter,1
nets,1
sent,6
writ,7
never,31
writing,1
person,5
learned,5
burns,1
anothers,3
burning,2
lessened,1
anguish,1
giddy,1
helped,2
backward,4
turning,3
desperate,8
cures,2
languish,1
infection,2
eye,30
rank,2
poison,16
plantain,1
leaf,3
excellent,2
pray,29
broken,1
shin,1
mad,13
madman,2
shut,7
prison,2
kept,1
food,3
whipped,1
tormented,1
andgood,1
een,7
fellow,7
god,42
gi,1
fortune,14
misery,2
perhaps,1
book,8
letters,7
language,1
honestly,1
merry,8
reads,2
letter,18
signior,3
martino,1
daughters,6
anselme,1
beauteous,3
sisters,9
widow,1
vitruvio,1
placentio,1
lovely,2
nieces,1
mercutio,84
brother,6
valentine,1
niece,1
rosaline,9
livia,1
valentio,1
lucio,1
lively,1
helena,1
assembly,1
whither,5
supper,6
indeed,14
asked,5
asking,1
master,15
great,40
crush,1
cup,3
wine,4
exits,61
sups,1
whom,15
admired,2
thither,9
unattainted,1
compare,3
face,32
swan,1
crow,4
devout,1
religion,1
maintains,1
falsehood,1
often,6
drowned,1
transparent,1
heretics,1
burnt,2
liars,3
fairer,3
allseeing,1
neer,13
match,4
since,17
begun,3
herself,7
poised,1
crystal,1
scales,2
weighed,3
ladys,9
against,24
shining,1
scant,1
seems,8
best,20
sight,17
rejoice,2
splendor,1
nurse,147
wheres,8
daughter,13
maidenhead,2
twelve,3
year,4
bade,4
comewhat,1
lamb,6
ladybird,1
forbid,5
girl,7
juliet,176
calls,13
mother,22
matternurse,1
awhile,6
secretnurse,1
remembered,1
s,8
knowest,5
age,8
faith,22
lay,15
teeth,2
teen,1
spoken,4
lammastide,1
fortnight,1
odd,2
days,20
lammas,2
eve,2
susan,3
christian,1
souls,6
earthquake,1
eleven,2
weaned,1
had,53
laid,7
wormwood,2
dug,3
sitting,2
under,14
dovehouse,2
mantua,12
brain,7
taste,4
nipple,2
felt,3
bitter,3
fool,9
tetchy,1
fall,20
shake,9
quoth,6
twas,4
need,13
trow,2
bid,28
highlone,1
rood,1
waddled,1
broke,6
brow,6
husband,18
soul,18
took,8
yea,4
jule,3
holidam,1
wretch,3
left,10
crying,3
jest,6
warrant,12
thousand,11
stinted,2
enough,17
choose,3
its,1
bump,1
big,2
cockrels,1
stone,3
perilous,2
knock,26
cried,5
bitterly,2
fallst,1
comest,1
stint,1
done,48
grace,14
wast,7
prettiest,2
babe,4
eer,4
nursed,2
married,19
wish,9
very,35
theme,1
oftell,1
stands,9
disposition,3
honor,15
dream,10
sucked,2
wisdom,12
teat,1
marriage,11
esteem,3
already,9
count,4
thus,22
brief,6
seeks,1
ladylady,1
worldwhy,1
wax,2
summer,3
flower,12
gentleman,17
volume,3
beautys,2
pen,1
every,23
lineament,1
lends,3
content,5
obscured,1
margent,1
unbound,1
lover,4
beautify,1
lacks,1
cover,2
manys,1
share,3
glory,2
clasps,1
story,4
possess,2
yourself,7
less,14
bigger,2
briefly,2
looking,1
liking,1
endart,1
gives,12
strength,9
fly,16
guests,5
served,3
called,8
cursed,5
pantry,1
everything,3
extremity,1
wait,4
beseech,7
follow,7
straight,12
stays,4
nights,14
five,6
six,1
maskers,2
torchbearers,1
boy,14
drum,10
speech,5
spoke,10
excuse,5
apology,1
date,3
prolixity,1
cupid,3
hoodwinked,1
scarf,2
bearing,3
tartars,2
painted,3
lath,1
scaring,1
crowkeeper,1
withoutbook,1
prologue,1
faintly,1
after,10
prompter,1
entrance,4
measure,9
gone,35
torch,9
ambling,1
dance,6
believe,7
dancing,3
shoes,2
nimble,1
soles,1
stakes,1
borrow,1
wings,5
soar,2
above,13
sore,3
enpierced,1
shaft,3
feathers,1
pitch,1
dull,3
woe,15
burden,3
sink,2
tender,9
thing,17
rude,5
boistrous,1
pricks,1
thorn,1
prick,4
pricking,2
visage,1
visor,3
care,12
curious,1
cote,1
deformities,1
beetle,2
blush,3
sooner,3
betake,1
legs,3
wantons,2
tickle,1
senseless,1
rushes,2
heels,3
proverbed,1
grandsire,2
phrase,1
candle,2
holder,1
game,1
duns,1
mouse,3
constables,1
dun,1
mire,1
save,5
reverence,1
lovewherein,1
stickest,1
burn,7
thats,17
delay,3
lights,2
vain,3
meaning,3
judgment,4
sits,4
times,12
wits,5
going,7
masque,1
ask,6
dreamt,4
tonight,25
dreamers,1
asleep,7
things,31
queen,4
mab,3
fairies,3
midwife,1
shape,6
agate,1
forefinger,1
alderman,1
team,1
little,18
atomi,1
over,4
mens,10
noses,1
wagon,1
spokes,1
spinners,1
grasshoppers,1
traces,1
smallest,1
spider,1
web,1
collars,1
moonshines,1
watry,1
beams,2
whip,2
crickets,2
bone,2
lash,1
film,1
wagoner,2
small,2
graycoated,1
gnat,1
half,7
round,7
pricked,1
lazy,2
finger,4
chariot,1
empty,5
hazelnut,1
joiner,1
squirrel,1
grub,1
coachmakers,1
state,12
gallops,2
brains,4
courtiers,2
knees,4
cursies,1
lawyers,1
fingers,5
fees,1
lips,20
kisses,6
oft,4
angry,2
blisters,2
plagues,1
because,10
breaths,1
sweetmeats,1
tainted,1
sometime,7
nose,3
dreams,7
smelling,1
tithepigs,1
tail,2
tickling,1
parsons,1
benefice,1
driveth,1
soldiers,12
cutting,1
foreign,2
throats,1
breaches,1
ambuscadoes,1
spanish,1
blades,1
healths,1
fathom,1
anon,14
drums,1
ear,12
starts,3
wakes,3
frighted,1
swears,2
prayer,2
sleeps,3
plats,1
manes,1
horses,7
bakes,1
elflocks,1
foul,9
sluttish,1
hairs,2
untangled,1
misfortune,1
bodes,1
hag,1
backs,2
presses,2
learns,1
carriage,1
talkst,2
children,9
idle,1
begot,1
fantasy,1
thin,1
substance,3
inconstant,3
wind,7
woos,1
frozen,1
bosom,10
north,1
angered,2
puffs,1
thence,8
dewdropping,1
south,2
ourselves,3
late,17
misgives,1
consequence,3
hanging,2
fearful,7
revels,1
expire,2
term,2
despised,3
life,39
closed,4
vile,9
untimely,7
steerage,1
course,6
direct,1
sail,4
gentlemen,13
march,3
stage,4
withdraw,4
servingmen,4
napkins,2
potpan,2
helps,2
shift,3
trencher,2
scrape,1
second,40
manners,2
unwashed,1
joint,3
stools,2
court,6
cupboard,1
plate,1
marchpane,1
porter,11
grindstone,1
nellanthony,1
third,27
ready,8
looked,5
cheerly,2
boys,1
brisk,1
longer,7
liver,2
household,1
gentlewomen,1
toes,1
unplagued,1
corns,2
bout,1
ah,15
mistresses,1
deny,8
dainty,2
swear,10
worn,5
whispering,1
tale,8
gentlemencome,1
musicians,8
play,14
music,12
plays,2
hall,3
roomand,1
girls,1
knaves,1
tables,3
room,1
grown,3
hot,7
unlookedfor,1
sport,2
sit,15
past,8
t,58
mask,2
r,3
thirty,2
nuptial,1
lucentio,1
pentecost,1
twenty,13
masked,1
elder,2
ward,1
ago,2
enrich,1
hand,50
yonder,5
knight,2
torches,4
hangs,3
cheek,6
jewel,3
ethiops,1
use,20
dear,30
snowy,1
dove,2
trooping,1
crows,1
fellows,5
watch,22
place,21
touching,1
blessed,8
forswear,1
fetch,7
rapier,2
page,10
dares,7
hither,17
covered,1
antic,3
fleer,1
solemnity,3
stock,1
kin,1
sin,16
kinsman,11
wherefore,8
storm,2
alone,21
bears,4
portly,1
truth,13
brags,2
virtuous,3
wellgoverned,1
youth,7
wealth,3
town,4
disparagement,1
patient,4
respect,3
presence,4
frowns,1
illbeseeming,2
semblance,1
fits,2
endure,4
endured,1
goodman,1
youll,7
mend,2
mutiny,1
cockahoop,1
shame,16
saucy,4
trick,1
chance,8
scathe,1
contrary,3
heartsyou,1
princox,1
ormore,1
lightfor,1
quietwhat,2
patience,8
perforce,2
willful,1
meeting,6
tremble,3
different,3
greeting,3
intrusion,1
seeming,3
convert,2
bittrest,1
taking,4
juliets,5
profane,1
unworthiest,1
holy,24
shrine,1
blushing,1
pilgrims,2
smooth,2
touch,6
pilgrim,2
mannerly,1
devotion,3
saints,3
palm,2
palmers,2
saint,9
grant,4
lest,6
prayers,6
sake,5
effect,3
trespass,1
sweetly,2
craves,4
toward,11
bachelor,1
talked,2
chinks,1
account,4
foes,3
begone,8
unrest,1
prepare,5
trifling,1
foolish,3
banquet,3
thank,10
honest,12
herecome,1
fay,1
waxes,1
yond,5
heir,5
tiberio,1
whats,20
door,8
petruchio,4
follows,2
name,36
grave,21
wedding,5
returning,3
enemy,10
sprung,1
unknown,3
prodigious,1
birth,5
loathed,2
rhyme,2
danced,1
strangers,3
chorus,2
desire,9
deathbed,1
affection,3
gapes,1
groaned,1
matched,2
beloved,2
bewitched,1
charm,5
looks,9
complain,1
steal,2
bait,1
hooks,1
held,3
access,2
breathe,1
vows,1
meet,16
anywhere,2
passion,5
power,16
tempring,1
extremities,1
extreme,1
forward,3
center,1
withdraws,1
stoln,3
ran,5
leapt,1
orchard,2
conjure,5
humors,1
appear,4
likeness,3
sigh,2
satisfied,6
cry,13
pronounce,7
gossip,1
venus,2
nickname,1
purblind,1
abraham,1
shot,3
trim,2
king,38
cophetua,1
beggar,1
heareth,1
stirreth,1
moveth,1
ape,1
rosalines,1
high,11
forehead,1
scarlet,2
lip,1
fine,4
leg,3
quivering,1
thigh,1
demesnes,2
adjacent,1
anger,5
twould,2
raise,5
spirit,7
circle,3
strange,22
nature,24
letting,2
conjured,1
invocation,1
hid,5
trees,4
consorted,1
humorous,1
befits,1
medlar,1
tree,6
kind,10
fruit,1
medlars,1
openarse,1
poprin,1
pear,1
truckle,1
fieldbed,1
jests,1
scars,1
wound,5
breaks,1
arise,3
kill,13
moon,6
pale,15
vestal,2
livery,2
green,6
wear,9
knew,3
speaks,8
says,10
discourses,2
answer,15
bold,8
fairest,2
business,12
entreat,3
twinkle,1
spheres,1
return,10
brightness,1
lamp,2
region,1
stream,1
birds,5
sing,4
leans,1
glove,1
angel,3
glorious,1
winged,1
messenger,14
whiteupturned,1
wondring,1
mortals,3
gaze,4
bestrides,1
puffing,1
sails,1
refuse,1
thyself,12
arm,10
belonging,1
rose,1
smell,2
retain,1
perfection,1
owes,1
title,6
doff,2
baptized,1
henceforth,3
bescreened,1
stumblest,1
hateful,5
tear,7
drunk,5
hundred,3
words,17
tongues,4
uttering,1
sound,18
dislike,1
camest,1
walls,4
climb,3
considering,1
oerperch,1
stony,2
limits,1
attempt,3
stop,8
murder,15
alack,12
peril,1
enmity,2
cloak,1
ended,2
prorogued,1
wanting,2
direction,3
foundst,1
prompt,1
inquire,2
lent,5
pilot,2
vast,1
shore,1
washed,3
adventure,2
merchandise,1
maiden,1
bepaint,1
fain,6
dwell,4
form,6
compliment,1
swearst,1
mayst,6
false,11
perjuries,1
jove,1
laughs,1
faithfully,1
thinkest,1
won,3
perverse,1
fond,3
havior,1
trust,9
coying,1
confess,3
overheardst,1
truelove,1
pardon,12
impute,1
yielding,1
discovered,1
tips,1
silver,10
fruittree,1
tops,1
monthly,1
changes,1
circled,1
orb,1
likewise,2
variable,1
gracious,8
idolatry,1
although,1
joy,16
contract,1
rash,1
unadvised,1
sudden,8
lightning,5
cease,4
lightens,1
ripening,1
breath,21
next,8
repose,3
unsatisfied,1
satisfaction,1
exchange,3
faithful,4
gave,6
didst,10
request,2
wouldst,10
purpose,7
frank,1
bounty,2
boundless,2
infinite,1
adieu,6
nursesweet,1
afeard,4
flattering,3
substantial,1
reenter,1
bent,2
send,19
tomorrow,23
procure,1
perform,5
rite,2
fortunes,3
throughout,1
anonbut,1
meanest,1
strife,2
thrive,1
worse,7
want,3
schoolboys,1
books,1
school,2
hist,2
falcners,1
lure,1
tasselgentle,1
bondage,1
hoarse,3
aloud,3
cave,2
echo,2
tongue,19
repetition,2
silversweet,1
softest,1
attending,2
oclock,2
fail,6
forgot,3
remembring,1
company,8
forgetting,1
almost,11
bird,5
hop,1
prisoner,2
twisted,1
gyves,1
silken,1
thread,1
plucks,2
lovingjealous,1
cherishing,1
parting,1
sorrow,15
ghostly,4
friars,2
cell,12
help,24
crave,2
hap,2
friar,90
lawrence,70
basket,1
grayeyed,1
morn,4
smiles,4
frowning,1
checkring,1
eastern,1
streaks,3
fleckled,1
darkness,3
drunkard,1
reels,1
path,1
titans,1
wheels,1
advance,2
cheer,6
dank,1
dry,5
upfill,1
osier,1
cage,1
ours,4
baleful,1
weeds,3
preciousjuiced,1
flowers,7
natures,8
tomb,11
burying,1
womb,5
divers,2
sucking,1
natural,4
virtues,2
mickle,1
powerful,2
plants,1
herbs,1
stones,4
qualities,1
naught,4
special,2
aught,3
strained,1
revolts,2
stumbling,1
abuse,2
virtue,2
itself,15
turns,4
vice,3
misapplied,1
action,2
dignified,1
infant,1
rind,1
residence,1
medicine,1
smelt,1
cheers,1
each,15
tasted,1
senses,5
opposed,2
kings,14
encamp,1
herbsgrace,1
worser,2
predominant,2
full,20
canker,1
eats,1
plant,3
benedicite,1
saluteth,1
argues,1
distempered,2
keeps,8
mans,9
lodges,1
unbruised,1
unstuffed,1
couch,1
limbs,2
reign,4
earliness,1
assure,1
uproused,1
distemprature,1
sweeter,2
feasting,2
wounded,2
remedies,1
physic,3
hatred,1
lo,5
intercession,1
steads,1
plain,1
homely,2
drift,2
riddling,2
confession,3
finds,4
shrift,4
plainly,1
combined,2
combine,1
met,7
wooed,1
francis,2
forsaken,1
truly,5
jesu,3
maria,1
deal,3
brine,1
sallow,1
cheeks,8
salt,2
water,6
thrown,1
season,3
clears,2
groans,3
ringing,1
stain,1
woes,8
changed,3
theres,19
chidst,1
doting,2
pupil,1
badst,1
bury,3
chide,5
allow,1
rote,1
spell,1
waverer,1
assistant,1
alliance,1
households,1
rancor,1
pure,4
haste,17
slow,6
stumble,1
devil,10
fathers,6
hardhearted,1
wench,4
torments,1
sure,10
challenge,3
write,3
dared,1
stabbed,1
white,3
wenchs,1
lovesong,1
pin,1
cleft,1
bowboys,1
butt,1
cats,2
courageous,1
captain,7
compliments,1
fights,2
pricksong,1
distance,3
proportion,2
rests,2
minim,1
bosomthe,1
butcher,2
silk,1
button,1
duelist,2
immortal,3
passado,2
punto,1
reverso,1
hay,2
pox,1
lisping,1
affecting,1
phantasimes,1
tuners,1
accent,1
tall,1
whore,2
lamentable,5
afflicted,1
flies,4
fashionmongers,1
pardonme,1
ease,5
bench,1
bones,11
roe,1
dried,1
herring,1
fishified,1
numbers,3
petrarch,1
flowed,1
laura,1
kitchen,1
berhyme,1
dido,1
dowdy,1
cleopatra,1
gypsy,1
helen,1
hero,1
hildings,1
harlots,1
thisbe,1
gray,2
purposesignior,1
bonjour,1
french,3
salutation,2
slop,1
counterfeit,3
fairly,2
slip,2
conceive,2
strain,1
courtesy,3
constrains,1
hams,1
curtsy,1
kindly,2
courteous,3
exposition,1
pink,2
pump,2
flowered,1
single,4
sole,3
remain,2
wearing,2
solely,3
singular,2
singlesoled,1
singleness,1
faints,1
switch,2
spurs,3
wildgoose,1
chase,1
wild,7
goose,8
whole,7
sweeting,1
sharp,3
sauce,3
cheveril,1
stretches,1
inch,2
narrow,1
ell,1
broad,7
stretch,2
added,2
proves,1
wide,3
groaning,1
sociable,1
driveling,1
runs,3
lolling,1
bauble,1
hole,2
desirest,1
hair,7
large,3
deceived,2
depth,1
meant,3
occupy,1
argument,2
peter,25
goodly,2
gear,2
twoa,1
shirt,1
smock,1
fan,2
fans,1
gentlewoman,16
bawdy,1
dial,1
noon,2
mar,3
troth,2
older,2
youngest,1
fault,4
worst,6
confidence,1
indite,1
bawd,3
hare,6
lenten,1
pie,1
something,8
stale,1
hoar,4
spent,5
singing,1
meat,5
score,2
hoars,1
dinner,3
merchant,1
ropery,1
minute,6
month,2
lustier,1
jacks,1
scurvy,2
knave,4
flirtgills,1
skainsmates,1
suffer,4
occasion,4
afore,3
quivers,1
told,5
paradise,2
gross,1
behavior,1
double,12
offered,1
dealing,1
commend,7
protest,5
joyful,7
gentlemanlike,1
offer,4
devise,3
shrived,1
pains,6
offering,1
money,5
penny,1
behind,3
abbey,1
bring,20
cords,5
tackled,1
stair,1
topgallant,1
convoy,1
trusty,1
quit,2
bless,5
hark,8
sayst,3
putting,1
sweetest,3
prating,1
thingo,1
nobleman,1
knife,8
aboard,1
lief,1
toad,4
sometimes,1
properer,1
clout,1
versal,1
rosemary,3
mocker,1
dogs,3
theno,1
begins,2
sententious,1
timespeter,1
apace,3
clock,3
promised,5
perchance,3
lame,1
heralds,1
thoughts,13
ten,7
faster,1
glides,1
suns,1
driving,1
shadows,3
louring,1
hills,1
nimblepinioned,1
doves,1
windswift,1
highmost,1
hill,3
journey,2
warm,4
youthful,3
blood,39
swift,7
motion,3
ball,1
bandy,1
folks,1
feign,1
unwieldy,1
comeso,1
honey,3
news,19
gate,5
nurseo,1
lookest,2
merrily,1
shamest,2
playing,1
sour,4
aweary,2
fie,9
ache,1
jaunt,1
bad,5
circumstance,2
simple,5
excels,2
body,13
ways,5
dined,1
aches,1
beats,3
pieces,2
beshrew,4
sending,1
catch,4
jaunting,1
sorry,3
handsome,1
virtuouswhere,1
oddly,1
repliest,1
gods,5
poultice,1
aching,1
henceforward,2
messages,1
coil,1
got,5
hie,10
wanton,3
theyll,1
church,10
ladder,3
nest,3
drudge,1
toil,5
smile,4
heavens,8
act,11
afterhours,1
amen,9
countervail,1
lovedevouring,1
violent,6
delights,3
ends,3
triumph,2
powder,3
consume,1
loathsome,3
deliciousness,1
confounds,2
appetite,2
moderately,1
arrives,1
tardy,1
everlasting,3
flint,1
bestride,2
gossamers,1
idles,1
confessor,2
thanks,12
heaped,2
skill,1
blazon,1
sweeten,2
neighbor,1
musics,1
unfold,2
imagined,1
happiness,3
receive,7
conceit,2
matter,6
ornament,3
beggars,2
worth,5
excess,1
sum,2
work,8
incorporate,1
retire,2
capels,3
scape,3
brawl,2
stirring,3
enters,1
confines,1
tavern,1
claps,1
table,3
operation,1
draws,6
drawer,1
jack,2
mood,1
italy,1
moody,2
shortly,1
thouwhy,1
beard,3
cracking,1
nuts,1
reason,10
hazel,1
spy,3
quarrels,2
egg,3
beaten,2
addle,1
quarreling,2
quarreled,1
coughing,1
street,2
wakened,1
lain,3
doublet,1
easter,1
tying,1
ribbon,1
tutor,1
apt,3
buy,5
fee,2
quarter,2
others,7
companions,2
couple,1
consortest,1
consort,4
minstrels,2
discords,3
fiddlestick,1
zounds,2
public,1
haunt,3
coldly,1
grievances,1
budge,1
hanged,4
field,4
follower,1
worship,2
afford,3
appertaining,1
injuries,1
injured,1
dearly,2
calm,3
dishonorable,1
submission,1
alla,1
stoccato,1
carries,1
ratcatcher,1
hereafter,6
drybeat,2
eight,3
pluck,4
pilcher,1
forbear,2
outrage,2
expressly,1
bandying,1
attempts,1
rapiers,2
stabs,3
followers,1
plague,4
houses,5
sped,1
scratch,3
pagego,1
surgeon,1
courage,4
twill,1
peppered,1
rat,2
cat,4
braggart,2
rogue,1
arithmetic,1
thought,22
faint,3
worms,3
soundly,3
princes,6
ally,1
friend,18
mortal,9
behalf,1
reputation,1
stained,2
tybalts,12
slandertybalt,1
effeminate,1
temper,3
softened,1
valors,2
brave,4
gallant,2
aspired,1
fate,7
depend,1
end,10
furious,2
alive,5
slain,22
respective,1
lenity,1
fireeyed,1
fury,6
conduct,4
gavest,1
mercutios,4
staying,1
wretched,5
determine,2
falls,5
amazed,4
doom,7
taken,1
citizen,2
killed,12
murderer,38
charge,6
obey,2
wives,2
beginners,1
discover,1
unlucky,1
fatal,7
slew,5
brothers,2
spilled,1
shed,3
slay,5
bethink,2
nice,3
displeasure,1
uttered,1
humbly,2
bowed,2
truce,1
unruly,2
spleen,1
deaf,3
tilts,1
piercing,1
deadly,4
point,10
martial,1
sends,1
dexterity,1
retorts,1
cries,7
swifter,1
agile,1
points,2
twixt,3
stout,3
newly,3
entertained,1
revenge,2
fell,9
beg,6
justice,4
price,2
owe,5
concludes,1
offense,1
immediately,2
exile,6
interest,2
proceeding,2
ableeding,1
amerce,1
repent,3
loss,4
pleading,1
excuses,1
purchase,1
abuses,1
attend,7
mercy,7
murders,5
pardoning,1
gallop,1
fieryfooted,1
steeds,1
phoebus,1
lodging,2
phaeton,1
west,2
cloudy,2
curtain,1
loveperforming,1
runaways,1
wink,2
leap,2
arms,4
untalked,1
unseen,1
amorous,2
rites,1
agrees,1
sobersuited,1
matron,1
lose,5
winning,1
played,1
pair,1
stainless,1
maidenhoods,1
hood,3
unmanned,2
bating,1
mantle,1
acted,2
modesty,3
whiter,1
snow,2
ravens,1
blackbrowed,1
garish,1
bought,3
mansion,3
possessed,2
sold,3
enjoyed,1
tedious,3
festival,2
impatient,1
robes,4
brings,3
heavenly,2
eloquence,1
dropping,1
rope,2
wring,1
weraday,2
undone,5
whoever,2
torment,1
roared,1
dismal,5
bare,4
vowel,1
deathdarting,1
cockatrice,1
sounds,1
weal,3
manly,3
piteous,4
corse,7
ashes,2
bedaubed,1
gore,2
swooned,1
break,8
bankrout,1
resign,1
press,2
bier,2
slaughtered,6
dearest,7
dearer,1
dreadful,3
trumpet,2
general,6
living,6
banished,25
himhe,1
serpent,3
flowring,1
dragon,2
beautiful,1
fiend,5
angelical,1
dovefeathered,1
raven,2
wolvishravening,1
divinest,1
just,5
opposite,1
justly,1
seemst,1
damned,10
bower,1
containing,1
deceit,1
gorgeous,1
palace,5
honesty,1
perjured,1
dissemblers,1
aqua,2
vitae,2
blistered,1
born,11
ashamed,1
throne,6
crowned,5
monarch,1
universal,2
beast,4
threehours,1
mangled,2
native,2
spring,4
tributary,1
drops,2
belong,1
mistaking,1
murdered,9
memory,3
guilty,2
deeds,4
sinners,1
minds,5
fellowship,1
needly,1
ranked,1
followed,2
modern,2
lamentation,2
rearward,1
following,1
limit,1
weeping,4
wailing,1
wash,5
wounds,4
theirs,3
banishment,6
picks,1
ropes,1
beguiled,3
exiled,2
highway,1
maidenwidowed,1
cordscome,1
wot,1
ring,9
affliction,2
enamored,1
parts,2
wedded,2
calamity,1
acquaintance,1
familiar,2
tidings,5
doomsday,2
gentler,1
vanished,3
bodys,2
ha,7
merciful,4
terror,2
purgatory,1
worlds,3
mistermed,1
calling,2
cuttst,1
ax,1
smilest,1
stroke,2
unthankfulness,1
rushed,1
turned,2
seest,3
unworthy,2
validity,1
courtship,1
carrion,2
seize,3
wonder,4
blessing,4
thinking,1
free,7
sayest,1
mixed,1
sharpground,1
howling,1
attends,1
divine,2
absolver,1
professed,1
mangle,1
armor,4
adversitys,1
milk,4
philosophy,3
hang,13
displant,1
reverse,1
prevails,1
madmen,1
dispute,2
estate,3
mightst,3
throws,1
unmade,1
knocks,3
heartsick,1
mistlike,1
enfold,2
search,3
knockwhos,1
thereromeo,1
takenstay,1
awhilestand,1
studyby,1
bygods,1
simpleness,1
thisi,1
errand,1
admitting,1
woeful,9
sympathy,1
predicament,1
blubbring,2
rise,7
deaths,4
rising,2
spakest,1
childhood,2
removed,1
concealed,1
canceled,1
weeps,5
level,1
gun,1
kinsmano,1
anatomy,1
lodge,1
sack,1
dagger,11
womanish,2
acts,2
denote,1
unreasonable,1
unseemly,1
order,4
tempered,1
doing,4
railest,1
usurer,1
aboundst,1
usest,1
bedeck,1
digressing,1
valor,6
hollow,3
perjury,1
killing,2
vowed,1
cherish,1
skilless,1
flask,1
afire,1
ignorance,1
dismembered,1
defense,3
rouse,5
lately,1
slewest,1
threatened,2
becomes,1
pack,1
blessings,2
courts,1
array,2
misbehaved,1
sullen,2
pouts,1
heed,2
miserable,3
decreed,1
ascend,1
blaze,1
reconcile,2
wentst,1
hasten,1
coming,10
stayed,4
learning,1
grows,5
revived,2
nightand,1
disguised,1
sojourn,1
signify,1
chances,1
fallen,1
unluckily,1
promise,3
abed,2
mewed,2
heaviness,2
childs,1
respects,1
doubt,8
acquaint,2
hermark,1
meon,1
wednesday,3
monday,2
thursday,14
beo,1
earl,1
ado,1
carelessly,1
revel,1
dozen,1
lordlight,1
bygood,1
aloft,1
nightingale,3
lark,6
pierced,1
nightly,5
sings,4
pomegranate,1
herald,2
lace,1
severing,1
candles,2
jocund,2
tiptoe,1
misty,1
mountaintops,1
meteor,1
exhaled,1
torchbearer,1
needst,1
taen,2
yon,1
reflex,1
cynthias,1
notes,1
vaulty,1
wills,1
tune,3
straining,1
harsh,1
unpleasing,1
sharps,1
division,2
divideth,1
voices,2
affray,1
hunting,1
huntsup,1
wary,1
descend,2
descends,5
omit,1
opportunity,1
convey,2
greetings,1
thinkst,2
illdivining,1
methinks,4
low,3
bottom,3
fails,1
drinks,2
fickle,3
renowned,1
hope,13
unaccustomed,3
procures,1
evermore,2
cousins,6
couldst,4
feeling,3
weepst,1
miles,1
asunder,1
grieve,3
traitor,6
reach,1
venge,1
vengeance,2
runagate,1
dram,2
himdead,1
receipt,2
thereof,1
abhors,1
named,3
wreak,1
bore,3
needy,3
ladyship,1
careful,1
sorted,1
expects,1
peters,3
happily,3
wed,4
sets,2
drizzle,1
sunset,1
rains,1
downright,1
conduit,1
showring,1
counterfeits,1
bark,4
ebb,1
flow,1
sailing,1
flood,1
raging,1
overset,1
tempesttossed,2
bodyhow,1
delivered,1
decree,1
proud,7
wrought,6
worthy,18
thankful,2
chopped,1
logic,1
minion,2
thankings,1
prouds,1
fettle,1
joints,3
gainst,5
drag,1
hurdle,1
greensickness,1
baggage,2
tallow,1
kneeling,2
disobedient,2
reply,1
itchwife,1
scarce,2
curse,3
hilding,1
blame,3
rate,2
prudence,1
smatter,1
gossips,2
treason,4
g,1
eden,1
mumbling,1
utter,1
gravity,1
bowl,1
bread,1
tide,1
provided,2
parentage,1
nobly,2
ligned,1
stuffed,3
proportioned,1
ones,4
puling,1
whining,1
mammet,1
graze,1
advise,3
starve,1
acknowledge,1
sees,1
week,2
bridal,3
dim,2
monument,6
prevented,1
leaving,2
practice,2
stratagems,1
subject,3
needs,7
stealth,1
dishclout,1
eagle,1
quick,2
twere,5
speakst,5
comforted,2
marvelous,1
displeased,1
absolved,1
damnation,2
wicked,3
dispraise,1
praised,1
twain,3
remedy,4
slack,1
uneven,1
immoderately,1
counts,1
dangerous,2
sway,3
hastes,1
inundation,1
minded,1
society,3
slowed,1
certain,6
text,1
abused,1
victory,2
wrongst,1
report,10
slander,1
spake,2
slandered,1
leisure,5
evening,1
mass,2
serves,1
pensive,1
shield,2
strains,1
compass,1
prorogue,1
hearest,3
prevent,2
resolution,2
presently,4
joined,1
sealed,2
label,1
deed,15
treacherous,2
revolt,3
longexperienced,1
present,11
extremes,1
umpire,1
arbitrating,1
commission,2
issue,7
execution,4
likely,1
undertake,1
copst,1
darest,1
battlements,3
tower,1
thievish,1
lurk,1
serpents,1
chain,1
roaring,2
charnel,2
oercovered,1
quite,3
rattling,1
reeky,1
shanks,1
yellow,2
chapless,1
skulls,2
newmade,2
shroud,3
unstained,1
holding,2
vial,5
distilling,1
liquor,1
drink,12
drowsy,2
pulse,1
progress,1
surcease,2
warmth,1
testify,1
livest,1
roses,2
fade,1
paly,1
deprived,1
supple,1
government,1
stiff,2
stark,1
borrowed,3
shrunk,1
continue,3
forty,2
awake,5
pleasant,2
bridegroom,4
manner,2
country,7
uncovered,1
borne,6
vault,10
kindred,1
meantime,3
waking,3
toy,1
abate,1
acting,2
prosperous,4
resolve,2
speed,4
directions,1
invite,3
hire,3
cunning,1
cooks,1
try,3
lick,3
cook,2
unfurnished,1
forsooth,1
peevish,1
selfwilled,1
harlotry,1
headstrong,1
gadding,1
opposition,1
behests,1
enjoined,1
prostrate,1
knot,1
knit,2
becomed,1
stepping,2
bounds,1
rises,2
belet,1
reverend,1
closet,2
sort,1
needful,2
fit,6
furnish,1
provision,1
tush,2
deck,1
housewife,1
oncewhat,1
wondrous,1
wayward,2
reclaimed,1
attires,1
orisons,1
cross,2
busy,1
culled,1
necessaries,1
behooveful,1
farewellgod,1
knows,10
thrills,1
freezes,1
heat,2
nursewhat,1
scene,29
takes,9
mixture,1
beside,3
subtly,1
ministered,1
dishonored,1
tried,1
wake,8
redeem,1
stifled,1
mouth,2
healthsome,1
breathes,1
strangled,1
horrible,4
together,7
receptacle,1
buried,5
ancestors,1
packed,1
festring,1
spirits,6
resort,1
smells,2
shrieks,2
mandrakes,1
torn,1
hearing,4
distraught,1
environed,1
hideous,2
fears,8
madly,1
forefathers,1
kinsmans,1
club,1
dash,1
desprate,2
ghost,10
seeking,2
spit,1
keys,1
spices,1
dates,1
quinces,1
pastry,1
cock,2
crowed,1
curfew,1
bell,7
rung,2
baked,1
meats,1
angelica,1
spare,1
cost,1
cotquean,1
watching,3
whit,1
watched,2
lesser,3
mousehunt,1
jealous,3
spits,1
logs,3
baskets,1
drier,1
trouble,9
whoreson,1
loggerhead,1
nursewife,1
howhat,1
waken,1
chat,1
approaching,1
julietfast,1
slugabed,1
sweetheart,1
wordyou,1
pennyworths,1
littlegod,1
forgive,4
hermadam,1
fright,2
faithwill,1
opens,3
beds,2
dressed,2
clothes,1
homy,1
looko,1
revive,1
deceased,1
settled,2
separated,2
frost,1
wail,3
ties,1
deflowered,1
soninlaw,1
accursed,5
unhappy,2
lasting,1
labor,5
pilgrimage,1
solace,1
cruel,7
catched,1
divorced,1
wronged,1
spited,1
detestable,2
overthrown,2
distressed,1
hated,1
martyred,1
uncomfortable,1
camst,2
joys,3
confusions,2
eternal,3
promotion,1
advanced,3
seeing,3
stick,2
custom,3
bids,2
lament,1
reasons,2
merriment,1
ordained,1
office,5
funeral,1
instruments,5
melancholy,1
bells,1
burial,2
solemn,2
hymns,1
dirges,1
everyone,2
lour,1
crossing,1
musician,14
pipes,1
pitiful,4
amended,1
dump,2
gleek,1
minstrel,1
servingcreature,1
servingcreatures,1
pate,1
crochets,1
re,2
fa,2
iron,4
griping,1
doleful,1
dumps,1
oppress,1
simon,1
catling,1
prateswhat,1
hugh,1
rebeck,1
prates,1
toowhat,1
james,1
soundpost,1
singer,1
speedy,1
lend,1
redress,2
pestilent,1
tarry,1
mourners,1
presage,1
bosoms,3
lightly,1
lifts,1
cheerful,1
emperor,1
balthasar,17
riding,1
boots,1
veronahow,1
angels,3
kindreds,2
post,4
bringing,1
sothen,1
ink,1
paper,2
posthorses,1
import,2
misadventure,2
mischief,2
apothecary,9
hereabouts,1
dwells,1
noted,1
tattered,1
overwhelming,1
culling,1
simples,1
meager,1
shop,2
tortoise,1
hung,1
alligator,1
skins,1
illshaped,1
fishes,1
shelves,1
beggarly,1
boxes,1
earthen,1
pots,1
bladders,1
musty,1
seeds,3
remnants,1
packthread,1
cakes,1
thinly,1
scattered,1
noting,1
penury,1
sale,1
caitiff,1
sell,5
forerun,1
holiday,1
loud,2
offers,1
ducats,1
soonspeeding,1
disperse,1
lifeweary,1
taker,1
trunk,1
discharged,1
violently,1
hasty,1
fired,1
hurry,1
cannons,2
drugs,2
mantuas,1
utters,1
wretchedness,1
fearest,1
famine,3
starveth,1
contempt,1
beggary,1
affords,1
poverty,2
consents,1
liquid,1
dispatch,2
handing,1
compounds,1
cordial,1
john,8
franciscan,1
barefoot,1
associate,1
visiting,1
finding,2
searchers,1
suspecting,1
infectious,1
pestilence,1
doors,3
ithere,1
brotherhood,1
neglecting,1
danger,3
notice,1
accidents,1
aloof,3
yew,3
churchyard,5
tread,2
loose,2
unfirm,1
digging,1
graves,3
whistle,1
signal,1
afraid,6
scattering,1
strew,4
canopy,1
dust,1
distilled,2
moans,1
obsequies,2
whistles,1
warning,1
wanders,1
muffle,1
steps,3
mattock,2
wrenching,1
deliver,2
whateer,2
interrupt,1
partly,1
chiefly,1
employment,1
pry,1
intend,1
hungry,1
intents,4
savagewild,1
fierce,1
inexorable,1
tigers,2
friendship,1
hereabout,1
beginning,1
force,3
open,8
maw,2
gorged,1
morsel,1
enforce,1
rotten,1
jaws,1
despite,1
cram,1
haughty,1
creature,1
died,8
villainous,1
bodies,1
apprehend,3
unhallowed,1
further,11
condemned,2
tempt,1
affright,1
urging,1
madmans,1
defy,1
commination,1
felon,1
provoke,2
willlet,1
peruse,1
betossed,1
rode,1
soo,1
misfortunes,1
triumphant,1
lantern,2
interred,1
laying,2
keepers,1
lightningo,1
conquered,1
ensign,1
crimson,1
flag,1
liest,3
sheet,1
sunder,1
cousinah,1
unsubstantial,1
lean,1
abhorred,2
monster,1
paramour,1
chambermaids,1
yoke,2
inauspicious,1
worldwearied,1
embrace,2
seal,3
righteous,1
dateless,1
bargain,1
engrossing,1
kissing,1
unsavory,1
guide,2
dashing,1
rocks,1
seasick,1
drinking,2
spade,2
feet,3
stumbled,1
graveswhos,1
vainly,1
grubs,1
eyeless,1
discern,1
burneth,1
fearfully,1
menace,1
unthrifty,1
moving,2
stains,1
sepulcher,2
masterless,1
gory,2
discolored,1
steeped,2
unkind,1
stirs,1
comfortable,1
noiselady,1
contagion,1
unnatural,4
greater,4
contradict,2
thwarted,1
dispose,1
sisterhood,1
nuns,1
timeless,1
churl,1
friendly,1
drop,4
haply,1
restorative,1
pariss,1
sheath,1
rust,1
bloodysearch,1
whoeer,1
attach,1
watchmen,2
bleeding,3
whereon,2
descry,1
safety,2
watchman,1
trembles,1
churchyards,1
suspicion,3
attendants,10
shrieked,2
people,5
outcry,1
startles,1
sovereign,3
tombs,1
bleeds,2
mistaen,1
missheathed,1
warns,1
liege,4
sons,5
stopped,3
conspires,1
untaught,1
clear,5
ambiguities,1
descent,1
mischance,2
parties,1
greatest,3
least,3
suspected,1
direful,2
impeach,1
purge,3
excused,1
pined,1
betrothed,1
rid,2
tutored,1
sleeping,3
potion,1
intended,1
dire,3
potions,1
accident,1
yesternight,1
returned,2
prefixed,1
closely,1
conveniently,1
awakening,1
entreated,1
scare,1
violence,1
privy,1
miscarried,1
sacrificed,1
rigor,1
severest,1
brought,3
departed,1
countys,1
raised,1
writes,2
pothecary,1
therewithal,2
enemiescapulet,1
scourge,1
winking,1
brace,1
punished,2
jointure,1
demand,2
ray,1
statue,1
whiles,5
figure,1
sacrifices,1
glooming,1
pardoned,1
macbeth,287
william,1
shakespeare,2
edited,1
barbara,1
mowat,1
paul,1
werstine,1
michael,1
poston,1
rebecca,1
niles,1
folger,1
library,1
httpsshakespearefolgeredushakespearesworksmacbeth,1
created,1
jul,1
fdt,1
version,1
characters,1
witches,9
weird,7
duncan,35
scotland,12
malcolm,59
donalbain,16
duncans,6
thane,26
glamis,9
seyton,11
attendant,1
murderers,12
macbeths,6
service,5
doctor,30
banquo,69
commander,2
army,3
fleance,18
macduff,109
scottish,2
nobles,2
lennox,34
ross,54
angus,12
menteith,8
caithness,6
siward,27
english,8
forces,1
siwards,3
hecate,8
apparitions,2
nonspeaking,2
messengers,1
soldier,7
sewer,2
lords,9
thanes,7
thunder,9
witch,52
rain,2
hurlyburlys,1
battles,1
heath,2
graymalkin,1
paddock,1
hover,1
fog,1
filthy,2
alarum,5
seemeth,1
plight,1
newest,3
sergeant,1
hardy,1
captivityhail,1
knowledge,3
broil,1
doubtful,2
stood,4
swimmers,1
cling,2
choke,1
merciless,1
macdonwald,1
rebel,2
multiplying,1
villainies,1
swarm,1
western,1
isles,1
kerns,3
gallowglasses,1
supplied,1
smiling,2
showed,2
rebels,2
alls,4
deserves,2
disdaining,1
brandished,2
smoked,1
carved,1
passage,2
faced,1
shook,1
unseamed,1
nave,1
chops,1
fixed,1
gins,1
reflection,1
shipwracking,1
storms,1
thunders,1
seemed,3
discomfort,2
swells,1
compelled,1
skipping,1
norweyan,3
surveying,1
vantage,3
furbished,1
supplies,1
assault,1
dismayed,1
captains,1
sparrows,1
eagles,1
lion,1
sooth,2
overcharged,1
cracks,1
doubly,1
redoubled,1
strokes,2
except,1
bathe,1
reeking,1
memorize,1
golgotha,1
gashes,3
become,4
smack,1
bothgo,1
surgeons,1
led,3
fife,5
banners,2
flout,1
sky,1
norway,2
terrible,5
assisted,2
disloyal,1
cawdor,21
conflict,1
bellonas,1
lapped,1
confronted,1
selfcomparisons,1
curbing,1
lavish,1
conclude,1
sweno,1
norways,1
composition,1
deign,1
disbursed,1
colmes,1
dollars,1
deceive,1
former,4
greet,2
sister,2
swine,1
sailors,1
chestnuts,1
munched,3
aroint,1
rumpfed,1
runnion,1
husbands,1
aleppo,1
tiger,2
sieve,1
ports,1
quarters,1
shipmans,1
card,1
drain,1
penthouse,1
lid,1
sevnnights,1
dwindle,1
peak,1
pine,2
pilots,1
wracked,1
homeward,1
posters,1
land,3
charms,3
forreswhat,1
withered,2
attire,1
inhabitants,1
tlive,1
understand,1
choppy,1
skinny,1
beards,1
interpret,2
hail,15
start,4
fairi,1
fantastical,2
outwardly,1
partner,2
prediction,1
royal,9
rapt,3
grain,1
favors,1
happier,1
imperfect,1
speakers,1
sinels,1
prospect,1
belief,2
intelligence,1
blasted,1
prophetic,1
vanish,2
bubbles,1
has,19
corporal,2
melted,1
eaten,2
insane,1
root,5
selfsame,2
wordswhos,1
received,3
success,4
personal,1
venture,1
wonders,1
praises,2
contend,3
silenced,1
viewing,1
ranks,1
images,1
thick,4
kingdoms,2
poured,1
earnest,2
addition,2
dress,1
whether,3
line,4
hidden,1
labored,1
countrys,4
wrack,2
treasons,2
capital,1
confessed,2
proved,1
trusted,2
enkindle,1
crown,6
besides,3
oftentimes,1
win,4
harm,5
truths,2
trifles,1
betray,2
deepest,1
prologues,1
swelling,1
imperial,2
themei,1
supernatural,1
soliciting,1
given,8
commencing,1
yield,4
suggestion,1
horrid,3
image,2
unfix,2
seated,1
ribs,1
imaginings,1
shakes,1
function,1
smothered,1
surmise,1
partners,1
honors,4
garments,1
cleave,2
mold,1
aid,3
roughest,1
forgotten,2
registered,1
chanced,1
interim,1
enoughcome,1
flourish,5
frankly,1
implored,1
highness,9
repentance,1
became,2
studied,1
owed,2
careless,1
trifle,1
construction,1
built,1
absolute,3
worthiest,1
ingratitude,1
swiftest,1
wing,3
recompense,1
overtake,1
deserved,2
payment,1
due,4
loyalty,1
pays,1
duties,5
safe,5
growingnoble,1
harvest,1
plenteous,1
fullness,1
themselves,6
sorrowsons,1
places,1
nearest,2
establish,1
eldest,1
cumberland,2
unaccompanied,1
invest,1
signs,1
nobleness,1
shine,3
deserversfrom,1
inverness,1
bind,1
used,2
harbinger,1
oerleap,1
fires,1
desires,1
commendations,1
fed,1
melets,1
peerless,1
reading,1
perfectst,1
burned,1
missives,1
allhailed,1
saluted,1
referred,1
greatness,3
dues,1
rejoicing,1
ignorant,2
human,1
kindness,1
ambition,3
illness,1
highly,2
holily,2
wrongly,1
dst,2
wishest,1
pour,4
chastise,1
impedes,1
metaphysical,1
rt,1
informed,1
preparation,2
scarcely,2
message,2
tending,1
croaks,1
tend,1
unsex,1
fill,5
toe,2
topfull,1
direst,1
cruelty,2
remorse,1
compunctious,1
visitings,1
womans,3
breasts,1
murdring,1
ministers,2
wherever,1
sightless,2
substances,1
pall,1
dunnest,1
keen,2
peep,1
blanket,1
allhail,1
transported,1
beyond,2
future,1
purposes,1
matters,1
beguile,1
innocent,5
masterdom,1
alter,1
hautboys,3
castle,4
seat,2
nimbly,1
recommends,1
templehaunting,1
martlet,1
does,24
approve,1
mansionry,1
wooingly,1
jutty,1
frieze,1
buttress,1
coign,1
pendant,1
procreant,1
cradle,1
breed,3
observed,1
delicate,1
honored,2
hostess,5
herein,1
ild,1
twice,1
wherewith,1
majesty,5
loads,1
dignities,1
hermits,1
coursed,1
purveyor,1
rides,1
spur,2
compt,1
audit,1
host,4
graces,4
dishes,1
assassination,1
trammel,1
beall,1
endall,1
bank,1
shoal,1
jump,1
cases,1
instructions,1
taught,1
inventor,1
evenhanded,1
commends,1
ingredience,2
poisoned,2
chalice,1
faculties,1
meek,1
plead,1
trumpettongued,1
takingoff,1
newborn,1
striding,1
blast,1
cherubin,1
horsed,1
couriers,1
drown,2
intent,1
vaulting,1
oerleaps,1
supped,2
proceed,1
opinions,1
sorts,1
gloss,1
wherein,1
slept,2
freely,1
esteemst,1
adage,1
prithee,4
enterprise,1
durst,1
adhere,1
fitness,1
unmake,1
suck,1
milks,1
plucked,1
boneless,1
gums,1
dashed,1
screw,1
sticking,2
chamberlains,1
wassail,1
convince,1
warder,1
limbeck,1
swinish,1
drenched,1
unguarded,1
spongy,1
officers,1
guilt,2
quell,1
menchildren,1
undaunted,1
mettle,1
compose,1
males,1
marked,2
sleepy,2
daggers,9
clamor,1
roar,1
bend,1
agent,1
feat,1
mock,2
later,1
husbandry,1
summons,3
powers,2
restrain,1
servant,18
swordwhos,1
unusual,1
largess,1
offices,2
diamond,1
greets,1
measureless,1
unprepared,1
defect,1
spend,4
kindst,1
augment,1
franchised,1
allegiance,1
counseled,1
handle,1
clutch,1
vision,1
sensible,1
creation,1
heatoppressed,1
palpable,1
marshalst,1
instrument,1
dudgeon,1
gouts,1
informs,1
onehalf,1
curtained,1
witchcraft,1
celebrates,1
hecates,2
offrings,1
alarumed,1
sentinel,1
wolf,2
howls,1
stealthy,1
pace,2
tarquins,1
ravishing,1
strides,1
design,1
firmset,1
prate,1
whereabouts,1
horror,4
suits,1
threat,1
rings,2
invites,1
knell,3
quenched,1
harkpeace,1
owl,4
bellman,1
sternst,1
goodnight,1
surfeited,1
grooms,3
snores,1
drugged,1
possets,1
whos,4
awaked,2
harki,1
em,5
resembled,1
scream,1
descended,1
harkwho,1
addressed,1
lodged,2
hangmans,1
listning,1
consider,1
deeply,1
stuck,1
throat,3
methought,2
sleepthe,1
knits,1
raveled,1
sleave,1
labors,1
bath,1
balm,1
chief,2
nourisher,1
lifes,3
unbend,1
brainsickly,1
witness,2
smear,1
infirm,1
pictures,1
bleed,4
gild,1
faces,5
knocking,8
appalls,1
neptunes,1
ocean,1
clean,2
multitudinous,1
seas,1
incarnadine,1
red,1
color,1
entry,1
easy,3
constancy,1
unattended,1
nightgown,3
watchers,1
poorly,1
key,2
beelzebub,1
farmer,1
expectation,2
plenty,2
sweat,1
devils,1
equivocator,3
scale,2
committed,1
equivocate,1
stealing,1
hose,1
roast,1
youbut,1
devilporter,1
professions,1
primrose,1
bonfire,1
carousing,1
provoker,1
especially,1
nosepainting,1
urine,1
lechery,2
provokes,2
unprovokes,1
performance,1
mars,1
persuades,1
disheartens,1
conclusion,1
equivocates,1
requited,1
command,6
timely,2
slipped,1
physics,1
limited,1
appoint,1
chimneys,1
blown,2
lamentings,1
screams,1
prophesying,1
accents,1
combustion,1
confused,1
events,1
hatched,1
obscure,1
clamored,1
livelong,1
feverous,1
remembrance,3
parallel,1
confusion,2
masterpiece,1
sacrilegious,1
anointed,1
temple,1
building,1
destroy,2
gorgon,1
yourselves,3
bellmurder,1
downy,1
dooms,1
sprites,3
countenance,1
horrorring,1
parley,1
sleepers,1
duff,1
mortality,1
toys,1
renown,1
mere,3
lees,1
brag,1
amiss,1
fountain,1
source,1
badged,1
unwiped,1
pillows,2
stared,1
distracted,1
temprate,1
loyal,2
neutral,1
moment,3
expedition,1
outrun,1
pauser,1
skin,1
laced,1
gashed,1
breach,1
ruins,1
wasteful,1
colors,6
trade,2
unmannerly,1
breeched,1
refrain,1
claim,1
auger,1
rush,1
brewed,1
frailties,1
exposure,1
scruples,2
undivulged,1
pretense,1
treasonous,1
malice,3
readiness,1
contented,1
unfelt,1
england,8
ireland,2
safer,2
nearer,1
murderous,1
lighted,2
safest,1
avoid,1
aim,1
horse,4
leavetaking,2
theft,1
threescore,1
trifled,1
knowings,1
threatens,1
strangles,1
traveling,1
predominance,1
entomb,1
tuesday,1
falcon,1
towring,1
mousing,1
hawked,1
minions,1
race,1
stalls,1
flung,1
contending,1
obedience,3
war,4
mankind,1
eat,3
amazement,1
pretend,1
suborned,1
thriftless,1
ravin,1
sovereignty,2
scone,3
invested,1
carried,1
colmekill,1
sacred,1
storehouse,1
predecessors,1
guardian,1
easier,1
benison,1
nowking,1
playedst,1
foully,1
speeches,3
verities,1
oracles,1
hush,1
sennet,1
sounded,1
gap,1
allthing,1
unbecoming,1
indissoluble,1
tie,1
forever,3
ride,3
desired,1
advice,2
council,1
borrower,1
bestowed,1
confessing,1
parricide,1
filling,1
hearers,1
invention,1
craving,1
jointly,1
seven,1
ourself,2
suppertime,1
safely,1
royalty,2
reigns,1
feared,1
dauntless,1
genius,1
rebuked,1
antonys,1
caesar,1
chid,1
prophetlike,1
hailed,1
placed,1
fruitless,1
barren,1
scepter,1
grip,1
wrenched,1
unlineal,1
succeeding,2
banquos,5
filed,1
rancors,1
vessel,1
champion,1
utterancewhos,1
yesterday,1
considered,1
conference,1
probation,1
crossed,1
notion,1
crazed,1
gospeled,1
beggared,1
catalogue,1
hounds,1
greyhounds,1
mongrels,1
spaniels,1
curs,1
shoughs,1
waterrugs,1
demiwolves,1
clept,1
valued,1
file,3
distinguishes,1
subtle,1
housekeeper,1
hunter,1
gift,2
bounteous,1
whereby,1
particular,1
bill,1
station,2
manhood,2
grapples,1
sickly,2
perfect,4
buffets,1
incensed,1
reckless,1
disasters,1
tugged,1
nearst,1
barefaced,1
sweep,1
avouch,1
assistance,1
masking,1
sundry,3
weighty,1
always,1
require,2
clearness,1
rubs,2
botches,1
absence,2
material,1
apart,1
resolved,1
abide,2
concluded,1
flight,4
returns,1
few,1
naughts,1
destruction,2
sorriest,1
fancies,2
using,1
regard,2
scorched,1
snake,2
whilst,1
remains,2
tooth,2
frame,1
disjoint,1
meal,1
gain,2
restless,1
ecstasy,2
fitful,1
fever,1
domestic,1
levy,1
sleek,1
rugged,2
jovial,1
apply,1
eminence,1
unsafe,1
lave,1
streams,1
vizards,1
disguising,1
scorpions,1
knowst,1
copys,1
eterne,1
assailable,1
bat,2
flown,1
cloistered,1
shardborn,1
hums,2
yawning,1
peal,1
chuck,1
applaud,3
deedcome,1
seeling,1
invisible,1
cancel,1
bond,2
thickens,1
rooky,1
droop,1
drowse,1
agents,1
preys,1
marvelst,1
join,1
mistrust,1
delivers,1
glimmers,1
lated,1
traveler,1
inn,1
approaches,3
mile,2
usually,1
attack,1
treachery,2
revengeo,1
affair,1
degrees,1
hearty,1
mingle,2
humble,1
midst,1
mirth,2
dispatched,1
cutthroats,1
nonpareil,1
scaped,1
marble,1
founded,1
rock,1
casing,1
cabined,1
cribbed,1
confined,1
doubts,2
fearsbut,1
ditch,1
bides,1
trenched,1
venom,2
vouched,1
amaking,1
feed,3
ceremony,1
remembrancer,1
digestion,1
roofed,1
graced,1
unkindness,1
lays,1
reserved,1
momentary,1
offend,1
extend,1
appall,1
proper,1
stuff,2
painting,1
airdrawn,1
flaws,1
impostors,1
winters,1
authorized,1
grandam,1
stool,1
nod,1
monuments,1
maws,1
kites,1
folly,2
olden,1
humane,1
statute,1
performed,1
crowns,1
lack,3
muse,1
infirmity,1
downgive,1
thirst,1
pledge,1
cups,1
avaunt,1
marrowless,1
speculation,1
glare,1
peers,1
spoils,1
russian,1
rhinoceros,1
hyrcan,1
firm,2
nerves,1
desert,2
trembling,1
inhabit,1
baby,2
shadow,3
unreal,1
mockry,1
againpray,1
displaced,1
disorder,1
overcome,1
cloud,2
sights,2
ruby,1
blanched,1
enrages,1
augurs,1
understood,1
relations,1
maggot,1
pies,1
choughs,1
rooks,1
secretst,1
bloodwhat,1
denies,1
bidding,1
betimes,2
causes,2
stepped,1
wade,1
scanned,1
selfabuse,1
initiate,1
wants,2
angerly,1
beldams,1
overbold,1
traffic,1
riddles,1
affairs,1
contriver,1
harms,2
spiteful,1
wrathful,1
amends,1
pit,1
acheron,1
destiny,1
spells,1
provide,2
corner,1
vaprous,1
profound,1
magic,1
sleights,1
illusion,1
spurn,1
bove,1
security,1
chiefest,1
song,2
foggy,1
etc,2
strangely,2
pitied,1
walked,3
monstrous,1
fact,1
pious,2
delinquents,1
slaves,1
thralls,1
failed,1
tyrants,6
bestows,1
holds,1
edward,1
malevolence,1
northumberland,1
warlike,3
ratify,1
feasts,1
banquets,1
knives,1
homage,1
exasperate,1
prepares,1
rue,1
clogs,1
caution,2
suffering,1
brinded,1
hedgepig,1
whined,1
harpier,1
cauldron,10
entrails,1
thirtyone,1
sweltered,1
boil,3
charmed,2
pot,1
bubble,4
fillet,1
fenny,1
bake,1
newt,1
frog,1
wool,1
adders,1
fork,1
blindworms,1
sting,1
lizards,1
howlets,1
hellbroth,1
witchs,1
mummy,1
gulf,1
ravined,1
saltsea,1
shark,1
hemlock,1
digged,1
blaspheming,1
jew,1
goat,1
slips,1
slivered,1
moons,1
eclipse,1
turk,1
birthstrangled,1
ditchdelivered,1
drab,1
gruel,1
slab,1
thereto,1
chaudron,1
cool,2
baboons,1
gains,1
elves,1
enchanting,1
thumbs,1
midnight,1
hags,2
profess,1
howeer,1
untie,1
churches,1
yeasty,1
waves,1
confound,2
swallow,1
navigation,1
bladed,1
corn,1
castles,3
topple,1
warders,1
palaces,1
pyramids,1
slope,1
foundations,1
germens,1
tumble,1
sicken,2
mouths,1
sows,1
farrow,1
grease,1
sweaten,1
gibbet,1
flame,1
deftly,1
apparition,7
beware,2
dismiss,1
harped,1
aright,1
commanded,1
potent,1
id,1
resolute,1
assurance,1
palehearted,1
wears,1
top,2
listen,1
lionmettled,1
chafes,1
frets,2
conspirers,1
vanquished,1
until,1
birnam,10
dunsinane,8
impress,2
forest,2
earthbound,1
bodements,1
highplaced,1
lease,1
throbs,1
kingdom,1
sinks,3
eighth,2
glass,2
sear,1
eyeballs,1
goldbound,1
formerfilthy,1
thisa,1
fourth,1
crack,1
seventh,1
appears,1
twofold,1
balls,1
treble,1
scepters,1
bloodboltered,1
disappear,1
amazedly,1
aye,1
calendar,1
infected,2
galloping,1
anticipatst,1
dread,1
exploits,1
flighty,1
oertook,1
firstlings,2
surprise,1
edge,2
babes,3
unfortunate,1
trace,1
boasting,1
sightswhere,1
macduffs,1
actions,1
traitors,3
titles,1
wren,1
diminutive,1
judicious,1
rumor,2
float,1
movei,1
upward,1
beforemy,1
fathered,1
fatherless,1
net,1
lime,1
pitfall,1
gin,2
market,1
swearers,2
monkey,1
youd,1
sign,1
prattler,1
dame,1
nearly,1
savage,1
nigh,1
preserve,1
earthly,1
laudable,1
accounted,1
womanly,1
unsanctified,1
shageared,1
stabbing,1
fry,1
desolate,1
shade,1
downfalln,1
birthdom,1
widows,1
howl,1
orphans,1
resounds,1
yelled,1
syllable,2
dolor,1
touched,1
deserve,1
appease,1
recoil,2
transpose,1
brightest,1
rawness,1
motives,1
knots,1
jealousies,1
dishonors,1
safeties,1
rightly,1
whatever,1
tyranny,3
basis,1
goodness,2
check,1
wrongs,1
affeeredfare,1
space,1
grasp,1
boot,1
offended,1
beneath,1
gash,1
uplifted,1
thousands,1
vices,1
succeed,1
particulars,1
grafted,1
opened,1
compared,1
confineless,1
legions,1
evils,2
luxurious,1
avaricious,1
deceitful,1
malicious,1
smacking,1
voluptuousness,1
matrons,1
cistern,1
lust,2
continent,1
impediments,1
oerbear,1
oppose,1
intemperance,1
emptying,1
pleasures,1
spacious,1
coldthe,1
hoodwink,1
willing,1
dames,1
vulture,1
devour,1
inclined,1
illcomposed,1
stanchless,1
avarice,2
lands,1
jewels,1
morehaving,1
hunger,1
forge,1
unjust,1
destroying,1
sticks,1
deeper,1
summerseeming,1
foisons,1
portable,1
kingbecoming,1
verity,1
temprance,1
stableness,1
perseverance,1
lowliness,1
fortitude,1
relish,1
abound,1
several,2
crime,1
concord,1
uproar,1
unity,1
govern,2
liveo,1
nation,1
untitled,1
bloodysceptered,1
wholesome,1
truest,1
interdiction,1
blaspheme,1
breedthy,1
sainted,1
oftner,1
fare,2
repeatst,1
scotlando,1
integrity,1
wiped,1
reconciled,1
devilish,1
trains,1
modest,1
overcredulous,1
unspeak,1
detraction,1
abjure,1
taints,1
blames,1
coveted,1
speaking,1
hereapproach,1
setting,2
warranted,1
silent,1
unwelcome,1
crew,1
malady,1
convinces,1
assay,1
sanctity,1
amend,1
disease,3
evil,1
miraculous,1
hereremain,1
solicits,1
visited,1
swolln,1
ulcerous,1
surgery,1
stamp,1
necks,1
healing,1
benediction,1
prophecy,1
countryman,1
evergentle,1
nowgood,1
rent,1
caps,1
dying,1
relation,1
hiss,1
speaker,1
teems,1
battered,1
niggard,1
transport,1
heavily,1
witnessed,1
afoot,1
distresses,1
christendom,1
howled,1
latch,1
concern,1
feegrief,1
shares,1
main,2
pertains,1
despise,1
heaviest,1
hum,1
guess,1
surprised,1
savagely,1
relate,2
quarry,1
deer,1
pull,2
hat,1
whispers,1
oerfraught,1
medcines,1
hellkite,1
chickens,1
dam,1
swoop,1
also,1
sinful,1
demerits,1
slaughter,1
whetstone,1
blunt,1
enrage,1
intermission,1
front,3
length,1
shaking,1
waitinggentlewoman,1
perceive,1
unlock,1
fold,1
afterwards,1
perturbation,1
benefit,1
effects,1
slumbry,1
agitation,1
actual,1
performances,1
anyone,1
confirm,1
taper,1
guise,1
observe,1
continually,1
spot,2
satisfy,1
strongly,2
murky,1
starting,1
perfumes,1
arabia,1
sorely,1
charged,2
dignity,1
directly,1
whisprings,1
troubles,2
discharge,1
secrets,1
physician,1
annoyance,1
mated,1
revenges,1
grim,1
alarm,1
excite,1
mortified,1
gentry,1
unrough,1
youths,1
fortifies,1
buckle,1
belt,1
rule,1
minutely,1
upbraid,1
faithbreach,1
commands,1
giants,1
robe,1
dwarfish,1
thief,1
pestered,1
condemn,1
medcine,1
marching,3
reports,1
taint,1
consequences,1
pronounced,1
epicures,1
sag,1
damn,1
creamfaced,1
loon,1
gotst,1
gooselook,1
geese,1
overred,1
lilylivered,1
patch,1
linen,1
counselors,1
wheyface,1
seytoni,1
beholdseyton,1
saythis,1
disseat,1
falln,1
sere,1
accompany,1
troops,1
stead,1
curses,1
mouthhonor,1
confirmed,2
reported,1
hacked,1
needed,1
skirr,1
thickcoming,1
minister,2
diseased,1
rooted,1
raze,1
oblivious,1
antidote,1
cleanse,1
weighs,1
therein,1
staff,1
outdoctor,1
dispatchif,1
pristine,1
againpull,1
rhubarb,1
senna,1
purgative,1
drug,1
scour,1
hearst,1
bane,1
profit,1
hardly,1
chambers,1
hew,1
bough,1
thereby,1
err,1
confident,1
advantage,1
constrained,1
absent,1
censures,1
event,1
industrious,1
soldiership,1
decision,1
speculative,1
unsure,1
arbitrate,1
outward,1
ague,1
forced,1
dareful,1
cooled,1
nightshriek,1
treatise,1
horrors,1
direness,1
slaughterous,1
creeps,1
petty,1
recorded,1
yesterdays,1
dusty,1
player,1
struts,1
idiot,1
signifying,1
comst,1
liar,1
wrath,1
equivocation,1
dunsinanearm,1
avouches,1
flying,1
tarrying,1
bellblow,1
harness,1
boughs,1
leafy,1
screens,1
areyou,1
battle,1
trumpets,1
clamorous,1
harbingers,1
alarums,4
continued,1
tied,1
stake,1
bearlike,1
lt,1
callst,1
hotter,1
beest,1
childrens,1
ghosts,1
hired,1
staves,1
unbattered,1
sheathe,1
undeeded,1
shouldst,1
clatter,1
bruited,1
gently,1
rendered,1
bravely,1
professes,1
roman,1
hellhound,1
avoided,1
bloodier,1
losest,1
intrenchant,1
vulnerable,1
crests,1
ripped,1
tells,1
cowed,1
juggling,1
fiends,1
believed,1
palter,1
rarer,1
monsters,1
pole,1
underwrit,1
malcolms,1
baited,1
rabbles,1
carrying,1
retreat,1
arrived,1
cheaply,1
missing,1
paid,2
prowess,1
unshrinking,1
measured,1
hurts,1
knolled,1
newer,1
usurpers,1
compassed,1
pearl,1
expense,1
reckon,1
earls,1
planted,1
snares,1
watchful,1
producing,1
fiendlike,1
lifethis,1
